,ds,holiday
0,2021-12-27,school_holiday
1,2021-12-28,school_holiday
2,2021-12-29,school_holiday
3,2021-12-30,school_holiday
4,2021-12-31,school_holiday
0,2021-02-21,school_holiday
1,2021-02-22,school_holiday
2,2021-02-23,school_holiday
3,2021-02-24,school_holiday
4,2021-02-25,school_holiday
0,2021-07-25,school_holiday
1,2021-07-26,school_holiday
2,2021-07-27,school_holiday
3,2021-07-28,school_holiday
4,2021-07-29,school_holiday
5,2021-07-30,school_holiday
6,2021-07-31,school_holiday
7,2021-08-01,school_holiday
8,2021-08-02,school_holiday
9,2021-08-03,school_holiday
10,2021-08-04,school_holiday
11,2021-08-05,school_holiday
12,2021-08-06,school_holiday
13,2021-08-07,school_holiday
14,2021-08-08,school_holiday
15,2021-08-09,school_holiday
16,2021-08-10,school_holiday
17,2021-08-11,school_holiday
18,2021-08-12,school_holiday
19,2021-08-13,school_holiday
20,2021-08-14,school_holiday
21,2021-08-15,school_holiday
22,2021-08-16,school_holiday
23,2021-08-17,school_holiday
24,2021-08-18,school_holiday
25,2021-08-19,school_holiday
26,2021-08-20,school_holiday
27,2021-08-21,school_holiday
28,2021-08-22,school_holiday
29,2021-08-23,school_holiday
30,2021-08-24,school_holiday
31,2021-08-25,school_holiday
32,2021-08-26,school_holiday
33,2021-08-27,school_holiday
34,2021-08-28,school_holiday
35,2021-08-29,school_holiday
36,2021-08-30,school_holiday
37,2021-08-31,school_holiday
38,2021-09-01,school_holiday
39,2021-09-02,school_holiday
40,2021-09-03,school_holiday
41,2021-09-04,school_holiday
42,2021-09-05,school_holiday
43,2021-09-06,school_holiday
44,2021-09-07,school_holiday
45,2021-09-08,school_holiday
46,2021-09-09,school_holiday
47,2021-09-10,school_holiday
48,2021-09-11,school_holiday
49,2021-09-12,school_holiday
50,2021-09-13,school_holiday
51,2021-09-14,school_holiday
52,2021-09-15,school_holiday
53,2021-09-16,school_holiday
54,2021-09-17,school_holiday
55,2021-09-18,school_holiday
56,2021-09-19,school_holiday
57,2021-09-20,school_holiday
58,2021-09-21,school_holiday
59,2021-09-22,school_holiday
60,2021-09-23,school_holiday
61,2021-09-24,school_holiday
62,2021-09-25,school_holiday
63,2021-09-26,school_holiday
64,2021-09-27,school_holiday
65,2021-09-28,school_holiday
66,2021-09-29,school_holiday
67,2021-09-30,school_holiday
0,2022-12-19,school_holiday
1,2022-12-20,school_holiday
2,2022-12-21,school_holiday
3,2022-12-22,school_holiday
4,2022-12-23,school_holiday
0,2022-02-26,school_holiday
1,2022-02-27,school_holiday
2,2022-02-28,school_holiday
3,2022-03-01,school_holiday
4,2022-03-02,school_holiday
5,2022-03-03,school_holiday
0,2022-07-31,school_holiday
1,2022-08-01,school_holiday
2,2022-08-02,school_holiday
3,2022-08-03,school_holiday
4,2022-08-04,school_holiday
5,2022-08-05,school_holiday
6,2022-08-06,school_holiday
7,2022-08-07,school_holiday
8,2022-08-08,school_holiday
9,2022-08-09,school_holiday
10,2022-08-10,school_holiday
11,2022-08-11,school_holiday
12,2022-08-12,school_holiday
13,2022-08-13,school_holiday
14,2022-08-14,school_holiday
15,2022-08-15,school_holiday
16,2022-08-16,school_holiday
17,2022-08-17,school_holiday
18,2022-08-18,school_holiday
19,2022-08-19,school_holiday
20,2022-08-20,school_holiday
21,2022-08-21,school_holiday
22,2022-08-22,school_holiday
23,2022-08-23,school_holiday
24,2022-08-24,school_holiday
25,2022-08-25,school_holiday
26,2022-08-26,school_holiday
27,2022-08-27,school_holiday
28,2022-08-28,school_holiday
29,2022-08-29,school_holiday
30,2022-08-30,school_holiday
31,2022-08-31,school_holiday
32,2022-09-01,school_holiday
33,2022-09-02,school_holiday
34,2022-09-03,school_holiday
35,2022-09-04,school_holiday
36,2022-09-05,school_holiday
37,2022-09-06,school_holiday
38,2022-09-07,school_holiday
39,2022-09-08,school_holiday
40,2022-09-09,school_holiday
41,2022-09-10,school_holiday
42,2022-09-11,school_holiday
43,2022-09-12,school_holiday
44,2022-09-13,school_holiday
45,2022-09-14,school_holiday
46,2022-09-15,school_holiday
47,2022-09-16,school_holiday
48,2022-09-17,school_holiday
49,2022-09-18,school_holiday
50,2022-09-19,school_holiday
51,2022-09-20,school_holiday
52,2022-09-21,school_holiday
53,2022-09-22,school_holiday
54,2022-09-23,school_holiday
55,2022-09-24,school_holiday
56,2022-09-25,school_holiday
57,2022-09-26,school_holiday
58,2022-09-27,school_holiday
59,2022-09-28,school_holiday
